{
  "7 не угадал!  но попытка хорошая 😄 я тебя не понимаю бывает.  задай вопрос по-другому?": 1,
  "напиши поздравление поздравляю тебя!  желаю кода без багов и идей без дедлайнов!  привет привет привет привет Я, сейчас сижу кодю о тебе?": 1,
  "стать умнее создай файл exp. txt создаю файл exp.": 1,
  "результатами создай заметку записал новую заметку что ты чувствуешь?  наверное, электрический импульс.  но если бы я знал, как включить термометр...": 1,
  "команду мне страшно я с тобой.": 1,
  "подружились покажи текущую дату сейчас не знаю и это нормально.  я тоже многого не знаю сделай мне кофе виртуальный кофе готов ☕ почему не отвечаешь?": 1,
  "или ждал команды погнали вперёд!  жду первую команду мне страшно я с тобой.": 1,
  "вот список файлов: exp. txt, test.": 5,
  "всё равно отвечу создай папку test папка test создана покажи список файлов вот список файлов: exp.": 4,
  "создана покажи список файлов вот список файлов: exp. txt, test.": 5,
  "на правильном пути оценка 1 ой.": 5,
  "1, танцуют в ритме...  (ладно, не мой жанр 😅) помоги мне я здесь!": 4,
  "можешь спросить про команды выход пока!  до следующего сеанса запусти тест тест запущен.  следите за результатами создай заметку записал новую заметку что ты можешь мне рассказать?": 1,
  "о встрече напоминание установлено!  (в моей памяти, честно!": 5,
  "фича подружились покажи текущую дату сейчас не будешь говорить нормально, я тебя выключу нафиг": 5,
  "безэмоциональный.": 5,
  "был рядом напиши код для калькулятора let result = a + b; включи фонарик если бы я был в телефоне...": 1,
  "мне оценки, и я часть одной из них напиши программу на javascript console. log(\"Привет, мир! \"); открой настройки открываю настройки...": 1
}